request_id,requester_received_pizza
t3_i8iy4,0.3250848371131586
t3_1mfqi0,0.5455605345083537
t3_lclka,0.24224954657821746
t3_1jdgdj,0.1679556999125727
t3_t2qt4,0.14290833791766325
t3_pvojb,0.02342482429371757
t3_142n4c,0.27740895428022194
t3_17rja6,0.17455684567836513
t3_1lg6u2,0.2430528046356781
t3_1b0mtx,0.07712245280530422
t3_mmivq,0.21724556629385028
t3_11ux2a,0.18006810968896478
t3_klige,0.47369258819794946
t3_1iv3cj,0.03670059824835845
t3_13dh0w,0.3184126633680214
t3_li326,0.0409634153010941
t3_xww8y,0.5513099407681035
t3_kogen,0.6197580900436139
t3_ik8w1,0.24525342487135715
t3_j3nnl,0.2619341394230505
t3_j6xvd,0.0766535654834932
t3_1lsrj5,0.08933074366439143
t3_idld7,0.42407750056116417
t3_y6amf,0.02863668453850459
t3_hl0ft,0.8083311217160168
t3_jg6yk,0.14396487660748697
t3_1k5ss6,0.05570969688849444
t3_u6i4z,0.23789657236942832
t3_ltuhq,0.029495425546291434
t3_1m2om7,0.12284413285153295
t3_hgdtf,0.7012419582491194
t3_w89lu,0.7835465278318056
t3_ifk6u,0.2926407004201659
t3_18c4e9,0.10740618318852216
t3_133rk6,0.786204609376011
t3_icpa2,0.1501163256742736
t3_tllxh,0.4435074826745562
t3_ibvic,0.24374514918475323
t3_153cst,0.07504783853718362
t3_115vox,0.9110839138887356
t3_n318c,0.020261826399449193
t3_ojy6r,0.2251330100777473
t3_wziql,0.21701438644273296
t3_jiwx8,0.04721260083449117
t3_ibsyq,0.3002447952318206
t3_v07fz,0.004536499456210361
t3_us9ho,0.36565295637272993
t3_1l120o,0.24151920916460368
t3_1avwr4,0.09930112019251316
t3_11pdxt,0.42258236489223044
t3_1eg6hz,0.14244350278560317
t3_nfom9,0.30298898268329544
t3_qaf9d,0.4691046280538038
t3_15dl3p,0.06234601898236616
t3_1ietp9,0.83207161367451
t3_if8os,0.8196281899125589
t3_irugk,0.7296423613125999
t3_i5liz,0.019888275318015704
t3_1indge,0.19439169882858068
t3_1j6smi,0.6429432807302237
t3_1lxyig,0.1985474076911144
t3_hecc7,0.12167199748342979
t3_14tiyz,0.07619333560485
t3_k1z07,0.34583411904008454
t3_10wwjr,0.1188808859244773
t3_lvs72,0.40818979785615883
t3_18u12f,0.11318539716497977
t3_yftil,0.13497406035649068
t3_i20wz,0.200982575329879
t3_zs6gr,0.34445942029338905
t3_17rugq,0.1328161774837112
t3_10cmhw,0.20092323086546604
t3_1jgj8g,0.12743841770445
t3_16q2jp,0.18271066594012553
t3_1hbpnz,0.044091804108789136
t3_1737ki,0.4563174359704682
t3_pfl37,0.47846128953752465
t3_qg1wv,0.5240416134311372
t3_wcupv,0.3438686108821827
t3_14gsx5,0.21171861116281668
t3_xzsu3,0.4222114029138465
t3_1lnsb4,0.365540037269401
t3_iympu,0.03527368621983373
t3_k9o6g,0.17367514883303004
t3_1ktbje,0.5159970296576397
t3_zuow2,0.2315961214723456
t3_16tazw,0.10345909523357089
t3_pvl3a,0.11473623833898375
t3_11a45a,0.9525594008129331
t3_187gk8,0.30045662787796096
t3_jrtbz,0.08788917244438414
t3_lagsc,0.05140307295190419
t3_rt9rt,0.14838027016317568
t3_15qz4q,0.16907626057422337
t3_hz1m5,0.650965111974556
t3_119agf,0.4556385524080979
t3_k70hk,0.8584238869883083
t3_i2xbl,0.13841473618047312
t3_10gk0h,0.14255474649287986
t3_1mwaf9,0.3315754916774631
t3_uwwyl,0.20412871472861566
t3_10ca6l,0.03615071015597216
t3_1h4mik,0.15453160734199256
t3_i0qp5,0.18501543733657633
t3_krx89,0.2210768589184907
t3_ibtwa,0.0810181909081214
t3_11tb71,0.8570680686086082
t3_sfrhj,0.10384954596271662
t3_jncp2,0.33695959456376995
t3_t7qee,0.1986767097907487
t3_zxawy,0.40592857912461
t3_id14p,0.1029213412521266
t3_1by9im,0.13678813453359373
t3_hwxwd,0.44913917365711786
t3_jmo2j,0.12278544793538455
t3_wc93i,0.1654009941504063
t3_qzu7s,0.14793920298700908
t3_xn9n8,0.07067134529379698
t3_10vrop,0.19050037818494045
t3_1crhe7,0.18997359755817075
t3_sz4rm,0.06387061515029363
t3_micek,0.32925481544736374
t3_nbkbt,0.9808723765739465
t3_13jofn,0.12096585257092354
t3_1fwjjw,0.5277439285847106
t3_q2spw,0.10675429459600659
t3_v8f7b,0.275611013007344
t3_1cnqfg,0.6737113157328201
t3_xn0no,0.46266820345131604
t3_ki6jk,0.18616740614294766
t3_mbcj7,0.8775922901504423
t3_j65lu,0.42997585979097913
t3_jm9ld,0.046242361440303525
t3_tfo4q,0.4593740684767849
t3_1160fi,0.1227509476104055
t3_yg7bf,0.09300605568250453
t3_naauc,0.006012987279310807
t3_14tdkv,0.38930397531099425
t3_ozrs5,0.2674969319781903
t3_mywtr,0.09456235033147899
t3_14bzcp,0.2055781250361742
t3_1hwd6l,0.17842799544463273
t3_10wbvp,0.08154440301093939
t3_1bn2ov,0.12774847533552633
t3_14talm,0.2659217043914444
t3_13seyz,0.04496580174916562
t3_jnywu,0.22153383238732371
t3_tdww7,0.06808877050165268
t3_vn1l9,0.19843082032786827
t3_zhzk6,0.993943492538358
t3_1fyoex,0.1548682224402654
t3_11t3kg,0.08241039759182386
t3_tubzr,0.12303028647799691
t3_1gstqn,0.07797086326704623
t3_1euaic,0.29383312540449047
t3_ynaia,0.3071169208068813
t3_1mwhh9,0.07926020642521757
t3_m1y90,0.08711606987639145
t3_1je8f1,0.4807181536915387
t3_rx4zo,0.3916511922340339
t3_1f8kvl,0.11924640728501788
t3_1is6ya,0.012842423431629457
t3_iai8b,0.9549596644802091
t3_1fnw48,0.5630702576811694
t3_vmwzf,0.21948233263646602
t3_jg8jk,0.5815128566969948
t3_12hejm,0.8158200015208669
t3_1krjs4,0.12140900660825817
t3_k4utv,0.5251180472049126
t3_xbitu,0.2885916266574899
t3_13y8zq,0.16619470105380119
t3_q60gf,0.15027352035922154
t3_jb9gi,0.11553332522580427
t3_t22lo,0.9121894791456517
t3_vptrf,0.05349036469320829
t3_1cexg7,0.7234879198336236
t3_yuxak,0.0699261455929213
t3_kdstl,0.2104410829467162
t3_1gy3zk,0.08080594025186008
t3_1cn4fz,0.04846673550660328
t3_1o5psw,0.5113628729702969
t3_1fi04r,0.7081873157914678
t3_ovnya,0.4746444963971378
t3_puk2v,0.10652575171738259
t3_1mwqc3,0.13267262355515502
t3_hueth,0.24366900878894737
t3_1muyje,0.5209079631219733
t3_l5kka,0.3438002396565719
t3_1cmihx,0.07412284746887471
t3_10j1np,0.2647444654888438
t3_sydf2,0.5761487990199354
t3_1fcf2h,0.09447572844083499
t3_m2id2,0.07836415746808843
t3_m0vt8,0.0359911607881148
t3_14t7j9,0.035260946958869915
t3_1b0jci,0.17608273260595037
t3_zsa2t,0.12928808283053234
t3_xd60b,0.06575189885448426
t3_htzo7,0.9215851404580002
t3_1hl0jw,0.29590685524712124
t3_19lq75,0.2528036960594247
t3_1bp2u8,0.15060024161861202
t3_jdxtx,0.021429912712681767
t3_j68ur,0.799889663799872
t3_10fo7v,0.25993848781246387
t3_18cqfw,0.7076532987310871
t3_1bp1we,0.06475959463507866
t3_hzzgp,0.401422168961033
t3_jrzko,0.2545052770817003
t3_ieglz,0.14650621756955864
t3_113kuj,0.0482242786503398
t3_ledoj,0.11652801436826417
t3_iy36f,0.1109883984677253
t3_113qym,0.6283544392511822
t3_zha1q,0.6006699337814964
t3_16xsqk,0.17207851531466267
t3_tq5qq,0.31719817495603514
t3_y2qle,0.31512991921601696
t3_jafft,0.35098350512633886
t3_s6iox,0.13664980035876878
t3_vhs8y,0.12995734450460658
t3_kyw1u,0.22032232337830568
t3_12839n,0.4059003710286211
t3_jsaom,0.16884397030212442
t3_qmp3p,0.08374663544278824
t3_ny3zk,0.3219806053951852
t3_lkmwg,0.5363680262307177
t3_uhmf8,0.08526968024718541
t3_hyr3z,0.5997794900863878
t3_pvs82,0.165547691850484
t3_htfi5,0.1676770713564767
t3_ltyr4,0.5951026363493348
t3_x285o,0.12544224702271903
t3_j2fxf,0.2955509558656496
t3_lt6l5,0.9364598276492767
t3_mlwsc,0.42379736053667033
t3_kwlpi,0.3351550178244246
t3_susbr,0.03331108709520892
t3_13ww4i,0.04204426553430974
t3_rs4rl,0.22642499960819693
t3_12l3sq,0.04845774014237324
t3_1e7zhc,0.06956032635996172
t3_14ssun,0.0888976001843532
t3_pbh5x,0.11905086971205915
t3_1iemsj,0.059115883994254846
t3_qdn9m,0.08313019908409373
t3_ienvf,0.20241145901035948
t3_1ckh9t,0.41519692288297605
t3_hwzc2,0.2183120929712117
t3_p3lkq,0.11128305737453378
t3_icr1j,0.4699839953964808
t3_1ipgcx,0.690799467124763
t3_iqw0f,0.7311895729859407
t3_1fbfeg,0.01919909750926863
t3_j7us6,0.1616183498394893
t3_iwany,0.19434825708788533
t3_mdhq5,0.33028497607787155
t3_wag1s,0.3002646904804021
t3_1kvwpq,0.2612377744776798
t3_plp25,0.0475062170997019
t3_k3qyc,0.07225576243402812
t3_12txtd,0.08703129468119285
t3_irj2c,0.7565724053858419
t3_qnrv7,0.7817069857467486
t3_m7bdd,0.22515791151966702
t3_10qngl,0.07105970483406263
t3_10d4a8,0.4833573337715296
t3_w160y,0.1334667266575349
t3_lp1ux,0.21995550243730563
t3_1i6bna,0.3303549606588386
t3_1g74wk,0.234519205356608
t3_18pv4q,0.18919404088327388
t3_1epv0f,0.6119714742984472
t3_1mvb6s,0.12233960954693833
t3_17z37c,0.14599000339798804
t3_m6np7,0.021952209768192205
t3_11tiox,0.08875295347215668
t3_jf55a,0.22670340931198943
t3_l3g0s,0.3931260846332199
t3_19p6mc,0.1312980821276349
t3_xeedv,0.04849551344212805
t3_slq9i,0.17051760570550917
t3_jirtz,0.47014934990855
t3_tblcz,0.10421946138177235
t3_qqud3,0.7714246970662272
t3_r06po,0.6934646364527368
t3_1l2a9r,0.17409841206019797
t3_iefba,0.999999919770065
t3_kbc4h,0.1380502457495115
t3_mc7hx,0.029591215706996826
t3_1cyxp5,0.7276039791149229
t3_1lmc4f,0.25374603559440667
t3_wo6p3,0.5260534351778983
t3_ojtem,0.1409021190083005
t3_k3yrb,0.04475310577171706
t3_i8xhn,0.26847310604335883
t3_w6xdm,0.47712408580366333
t3_1mxpun,0.08424901529144734
t3_1lx6vd,0.23611083828917478
t3_j8hka,0.22942530458071517
t3_xawwv,0.43173270820445386
t3_1l19vv,0.13248674351137485
t3_j4vbo,0.2547174974107346
t3_1ikc0d,0.4454247768837322
t3_m6rdr,0.06805895668100412
t3_19xxso,0.31593662352336355
t3_jt1ti,0.07039970072055746
t3_1abab2,0.13544444388850313
t3_17rl0y,0.08954204575869158
t3_jdfhh,0.12561928816372522
t3_1atk3v,0.04413990209105841
t3_tglzi,0.06330570841343038
t3_1iv6uf,0.07093831891624637
t3_p85iu,0.5828674480333381
t3_x9v8i,0.21508758548002968
t3_mwclc,0.2318760479679709
t3_1432t6,0.8605295862277751
t3_1732xx,0.125513839638302
t3_uaqw7,0.07005089705743132
t3_jwam4,0.1784797662089849
t3_143pb1,0.08314258314681959
t3_ixmw3,0.2526444641250294
t3_roye7,0.13348003036277706
t3_1l1b96,0.10113420572803727
t3_1lfxmx,0.13104593433452158
t3_sm0fi,0.46643483494371973
t3_x6xfz,0.12442160698111349
t3_1akj1c,0.14868507545683626
t3_jzcyp,0.12716005954791976
t3_o1gb7,0.05926967108812488
t3_1dapt6,0.011751475599356463
t3_1a1wmz,0.7037439003424377
t3_17apty,0.020402206029661092
t3_13fi4r,0.20364717644063607
t3_1ly2ne,0.03318095644248838
t3_1mvmz3,0.17327283541891708
t3_10uh4n,0.21102757200444086
t3_1m4s8q,0.17140870915277967
t3_wd1bd,0.5368647990423617
t3_ifih0,0.332178020097399
t3_1hbxzi,0.16613856092462684
t3_qs09d,0.1898055384092357
t3_mjf5t,0.12253681042131843
t3_12p4qj,0.23642054063222032
t3_soea1,0.15500965073614878
t3_jly5g,0.225821396773262
t3_1lcmkx,0.056604967474569286
t3_1jo0bx,0.258249454857448
t3_1ltp6r,0.47554562913902676
t3_181l4t,0.8562213295509435
t3_ipzg4,0.08705976463886518
t3_js0ju,0.8163827160645579
t3_1gveed,0.2040748089453193
t3_tozvc,0.0827393634101303
t3_1kilzb,0.0841437573181522
t3_185vvk,0.19621747018256605
t3_m47yc,0.4082168890450689
t3_1mg7m1,0.3540759252449327
t3_1mdya5,0.1499780932993258
t3_19ctqj,0.2077720516538299
t3_1mim72,0.23468651542720056
t3_iymko,0.5826519682029054
t3_opkmm,0.16352143098461844
t3_y466n,0.10989197152437823
t3_jx9tr,0.10260298926887008
t3_10zoec,0.31920167997423177
t3_u08u0,0.15997977821448883
t3_19ob9z,0.1592351925983084
t3_jzkd1,0.1626022526831639
t3_q73oq,0.22318719532971018
t3_y5vj7,0.4618492202533612
t3_y8w7b,0.010607931928290078
t3_kxjsp,0.13903578879401357
t3_1ivwvt,0.054671435806148305
t3_x768a,0.04239045154447861
t3_1iv28l,0.16622863890686176
t3_1l27b3,0.17485442887487615
t3_q1xxo,0.03905299945925868
t3_jb6na,0.5376436921057104
t3_163bzy,0.2579340510781641
t3_qsejn,0.3904372715132028
t3_1nbrku,0.19234327761684883
t3_1ej7wt,0.2972541616867575
t3_zh75s,0.10679812688285463
t3_lstm9,0.09683445979103443
t3_1j5z7e,0.10147370598336859
t3_1574sv,0.45603492913767535
t3_wkdxa,0.36790858579930963
t3_pl5aj,0.04726822972277873
t3_qap6u,0.14526575909769732
t3_1gvnj8,0.1364211845927189
t3_js9gy,0.4524842047121296
t3_is8cd,0.6672586925046342
t3_lbl8w,0.11067878583380923
t3_uozbx,0.1733992321934298
t3_1lxntp,0.2336655451214568
t3_11n72r,0.124976795528496
t3_1iez8q,0.14115851252346187
t3_ozu7k,0.4106940016004037
t3_owy0m,0.06053437785357936
t3_1md6b9,0.49763398592833846
t3_1ex028,0.04133317367998699
t3_1dg2bk,0.10974752140907301
t3_hzt8o,0.5753698454753057
t3_131n6r,0.18699842274437217
t3_1jxgvf,0.11888622398721303
t3_jmdya,0.0792349365610889
t3_mg1zt,0.5262448704771198
t3_j0cz0,0.1738122632082701
t3_k1gsx,0.5370450084076808
t3_1dmups,0.049022320741416554
t3_x959y,0.3958499888608937
t3_nnbds,0.10971556442040653
t3_13trxv,0.28476618285004746
t3_1awfml,0.10092508642007683
t3_lyy5x,0.031801777033416065
t3_1iwegx,0.23326720853500554
t3_193frj,0.1793289594205642
t3_1iudup,0.5653788994717182
t3_1fwbdg,0.0838363679391459
t3_16xtvk,0.22853725467000066
t3_1ipepz,0.11649241164111718
t3_mhcm8,0.056326211747991246
t3_1gq3gs,0.9567582847811635
t3_vghwo,0.1203772597849663
t3_keseq,0.21054745598743846
t3_16z08l,0.12375160484151097
t3_mas62,0.5171986674322679
t3_1isgm3,0.09900898380780558
t3_puwjr,0.2785239758997483
t3_liudo,0.16068331869695004
t3_jxh9m,0.058931972951129466
t3_11yzo2,0.13849026289533506
t3_1btj3q,0.11011702462900859
t3_lfma1,0.07206956912491966
t3_pbyjt,0.11289091968940428
t3_1jo4f6,0.225260719274512
t3_yejtx,0.19231435301256292
t3_193zoz,0.15283946940322635
t3_16w2nh,0.39405544896951544
t3_jhmef,0.19362537101675126
t3_tlbjk,0.03261910734555673
t3_s80om,0.17991710927772891
t3_kwrjo,0.11049315088750679
t3_1cw1ms,0.1064159942829096
t3_uj99i,0.2479648257860948
t3_1apdwu,0.1328613506194381
t3_iborf,0.1765461220067123
t3_12kfy9,0.203688804231435
t3_126tep,0.04595681714231593
t3_ji3ca,0.43684210977433907
t3_lqnpz,0.21193716034026208
t3_ibvn8,0.07671687086818348
t3_i50i4,0.3291479427212118
t3_lushm,0.04130582240349297
t3_iffit,0.6723762304197958
t3_12nmdv,0.02055563803875341
t3_1lrh6u,0.3053781056762744
t3_qvbzt,0.6304643774486788
t3_1iez5w,0.5180202814519644
t3_ql5gi,0.3907569941469425
t3_1msxkn,0.22317854094268474
t3_jf2fg,0.9765154422173506
t3_1g4lyw,0.08230955333429876
t3_1k910y,0.38383284401270473
t3_x3cmt,0.15673735623234447
t3_x9etl,0.006391750729539585
t3_klaa6,0.1761342819695862
t3_yht6g,0.1164206532085416
t3_y2ljd,0.9608367308159215
t3_ialy9,0.9860811169794672
t3_naq48,0.1260749638333412
t3_107ru4,0.07888827608030603
t3_1ihfkx,0.21403591575394054
t3_1ll049,0.16764618464806708
t3_12nmjl,0.1429833051777983
t3_1mit7t,0.20162285542466718
t3_1n84jc,0.045717705585920115
t3_1boflh,0.2626502161752537
t3_121toe,0.11029818198765777
t3_umaqa,0.20400187188119384
t3_i4ck0,0.2918371246485749
t3_193zo3,0.21206358274614565
t3_1jggdv,0.12975797391171237
t3_lencv,0.20870948994534905
t3_1ahfft,0.36770224117193784
t3_vpa6p,0.17295470424890202
t3_k1yom,0.3702965173222144
t3_k4nfr,0.07021994461633922
t3_iptt8,0.3431507493245728
t3_1n5n9z,0.19627327521250756
t3_sss6w,0.4324320995644711
t3_jb038,0.19005314256297334
t3_v8beo,0.10539115368564628
t3_i9qjc,0.1632191423189264
t3_uoywy,0.07057936728575213
t3_15gf4h,0.05877827531013879
t3_z7i98,0.4418841488967451
t3_kibv8,0.14366957957072185
t3_lope8,0.887833415972121
t3_116umn,0.6075285645074007
t3_k31fw,0.21702903423116063
t3_yl88m,0.19373099211965664
t3_iypmh,0.6915705232473424
t3_ihdnr,0.5444815789307352
t3_15jy6m,0.15804079568941937
t3_1l0j5d,0.1596615136153748
t3_1diu6d,0.346562092452591
t3_1fzhzr,0.1560767225986802
t3_iclgj,0.07383425489135446
t3_1jzcon,0.3832364091692161
t3_l2tb0,0.03030080851898167
t3_16xpx8,0.08795192309128189
t3_1h6hhv,0.21315238942762635
t3_10u7w0,0.29521943709412013
t3_vnbuw,0.9624388298226797
t3_j0p9a,0.1397772824008204
t3_z59mf,0.13802377263455315
t3_1lozqp,0.8160931636547231
t3_mwzrw,0.0213661999879953
t3_iri2m,0.09070222459506655
t3_qc8g7,0.07879922410269094
t3_mkd95,0.04680423320191197
t3_yl0d6,0.12902098346433166
t3_1gtjtl,0.3937653627609235
t3_1l8cy1,0.2005847889302662
t3_k0rt7,0.4616993927990454
t3_17bfiq,0.08375518817504406
t3_10ha4t,0.2577771291136748
t3_ylne2,0.685201184075097
t3_q3bzv,0.25717226347043276
t3_100ws2,0.10124207985345787
t3_wkix8,0.25643045756034255
t3_1cqwsx,0.2477324611732742
t3_144op5,0.6638280650661224
t3_pmvgu,0.10249784116701305
t3_16bg93,0.058986005583417045
t3_10a2dc,0.13168660249412237
t3_pt1qv,0.3245396052148305
t3_1na4hu,0.36381831066542264
t3_1lt6br,0.05706635231495327
t3_152ods,0.12810903975489712
t3_1j96zh,0.15499142285979478
t3_ialea,0.16653274455803932
t3_1kiib3,0.4431581752505278
t3_zj8ln,0.02992240625992325
t3_1ku1id,0.26909678009835164
t3_yq9dd,0.05376828192108259
t3_j1ppy,0.4514122471828664
t3_12rcts,0.2567542408338373
t3_1005cj,0.21170924048207587
t3_v10wr,0.08103415430861587
t3_10tzmd,0.7012442449453267
t3_1j4sg0,0.09150535744016362
t3_13y2ou,0.21363516305097727
t3_16c7pm,0.17583882127694894
t3_jpyr1,0.19617730724736587
t3_ynmkd,0.23648511861009486
t3_14wvfb,0.11213997426820309
t3_qj5j2,0.30480679086636847
t3_ys4zk,0.31363041026340543
t3_1imxgn,0.09500500911861053
t3_ukrwy,0.3917708516505704
t3_1b4spk,0.0832249948891286
t3_wpp9o,0.1358768543815722
t3_s4jhg,0.07985186893939357
t3_i2vq7,0.18015545030774793
t3_1miz3n,0.1541314918986247
t3_1209kl,0.05304758543643522
t3_wh0l4,0.2199897239458709
t3_lu96s,0.08479580227265585
t3_kcfr0,0.8935978993738323
t3_1myvpl,0.23364168586450365
t3_1l0lpu,0.22078906267494255
t3_z1lre,0.053710973792288993
t3_1mu7o8,0.19612800736561042
t3_zukcs,0.07079376637907722
t3_i6vkd,0.08539194501966034
t3_kcldp,0.7509616022348825
t3_19dhd6,0.3353211590916229
t3_1i7c6y,0.089822286417301
t3_seonb,0.1063703991638102
t3_rv4en,0.07423011002731034
t3_qrwex,0.07865620442290573
t3_1mo5ws,0.034451777145370885
t3_ndq9f,0.030351758192132004
t3_o0l9h,0.05547865199250409
t3_tds8d,0.0568510009834843
t3_1jde5v,0.1817721259975089
t3_12hb73,0.17269798758245605
t3_juemz,0.1960385634166912
t3_kh34f,0.15410265724263597
t3_khwp6,0.8193603381978563
t3_iqumh,0.684178306007337
t3_pszmn,0.15805974940300496
t3_1mx366,0.11666270222021097
t3_jcm20,0.37289258539653425
t3_1bbzet,0.16614273579819355
t3_iowa1,0.8471989014273069
t3_1h1syy,0.12070524088021252
t3_myx8u,0.5762212759194343
t3_1g7ny0,0.18589989476338933
t3_17tkid,0.13628314209483042
t3_11hcyw,0.045113377196868386
t3_n6qkh,0.19722766136846515
t3_tmn3s,0.41291754987244933
t3_11v7q2,0.3992320417061055
t3_1cd6yv,0.07971616497247323
t3_io0oy,0.40097509300680106
t3_1hip5p,0.09016198359260572
t3_1gkd2i,0.1925257460753087
t3_hvgv7,0.2818074656779415
t3_m5a39,0.1383674200032652
t3_17sl35,0.3177738723275593
t3_utp3h,0.5294282668503794
t3_10tv7s,0.07227123278574171
t3_1a40n4,0.1780941099831821
t3_kj8a0,0.07122029353780565
t3_1mgrri,0.4898170524934274
t3_1nd11h,0.36785062445854483
t3_1ldhfb,0.05465527753888222
t3_10mo95,0.30126978841420754
t3_sx32l,0.057397013894122516
t3_pw2mi,0.10088991028130748
t3_o7co1,0.06323836054718557
t3_16stuw,0.053652934575526466
t3_1ctx4r,0.2019148332830506
t3_1adx9s,0.193846339441836
t3_il9ks,0.09373407282165537
t3_rp169,0.20758516608547767
t3_zatki,0.07944463499102788
t3_iknip,0.2203112335322588
t3_uhoi3,0.032387050721896495
t3_uz6m5,0.03481187295260215
t3_127wms,0.23750237184212236
t3_16bong,0.08604740059020001
t3_uz1hn,0.08573467509318616
t3_keq0w,0.037214193748765396
t3_y3hef,0.1652812260634914
t3_iaoch,0.7948560488041317
t3_rf6ne,0.2963130080539731
t3_1cjpyc,0.4564713772032994
t3_t1rba,0.12250044965737482
t3_j5td8,0.3641179452853536
t3_mpkb2,0.2615731286762355
t3_x8k7r,0.01700679200216746
t3_ikw4b,0.09666744720236124
t3_1784zg,0.20622549777325813
t3_it7o4,0.33527301490660594
t3_zv8j4,0.11433097392118446
t3_12t1lk,0.14489088632277003
t3_vjk10,0.2525790907449637
t3_khwh9,0.0531200382703935
t3_1b7u1o,0.15241113407975407
t3_1l2duz,0.033787855877323136
t3_wkwew,0.8601473476056423
t3_l1klc,0.28660119559456715
t3_1epqt0,0.5777593165285102
t3_1mvp23,0.14812007884621609
t3_tnfo9,0.2882024808672051
t3_ka7al,0.19700772401601566
t3_wwl2i,0.03301649394530578
t3_inkwj,0.7501593844650661
t3_ilt19,0.6774200093332525
t3_pgs0h,0.07431044269333938
t3_iwfey,0.5459849453350684
t3_jqgd5,0.17718238878305417
t3_qc5o5,0.019641018872453255
t3_soims,0.14929173382476418
t3_17s4gm,0.2388902910841598
t3_1hq0de,0.2251281172451339
t3_jigc8,0.062353964368476185
t3_1l2vma,0.06334922400908831
t3_14t437,0.20180218507663147
t3_19jx8n,0.2418417252712672
t3_n420r,0.07203076058192046
t3_1czpg7,0.46037931482049
t3_ishzm,0.32254697874972976
t3_nx2c3,0.03844631954996466
t3_1jx4g7,0.3342678555245701
t3_12zak9,0.5713891527204714
t3_p7o7p,0.024174370327220238
t3_u7588,0.3787091119454332
t3_icoi3,0.15802306683567932
t3_10p6bh,0.0940343477463703
t3_j0ert,0.7979526270966897
t3_i5pv9,0.13660763833996473
t3_ncw61,0.2919358476269619
t3_1a6oez,0.10276056052116839
t3_15zae8,0.18371786196281403
t3_118p7t,0.2975632881048782
t3_p1s5g,0.14767066468239004
t3_slvkc,0.2972689305006524
t3_1n0mel,0.12894173378771576
t3_z9a9f,0.13653076453036883
t3_vzxe5,0.5666839432550378
t3_103oiv,0.14378474526309146
t3_14wzoi,0.27855470173243313
t3_1ib7b2,0.34738694994618297
t3_llyi4,0.09291673211436315
t3_1kxzgl,0.37143668909595606
t3_ihdep,0.16562890327685217
t3_iui32,0.12238625760613094
t3_pwu9g,0.0508803469242736
t3_1jd4uk,0.08355922516040049
t3_iq6md,0.5673363883574462
t3_x7u2w,0.29161564356724484
t3_1j6vvd,0.18029853450663907
t3_103ub7,0.2493821773514798
t3_14a8dq,0.2008063908208545
t3_m99m6,0.9081953041416038
t3_x7oqf,0.4717134690642019
t3_1ce5o7,0.33937277079081357
t3_1cvjjv,0.1771299888988289
t3_1nbngz,0.24630627160783256
t3_1a8xdn,0.03800632272986912
t3_16yaml,0.126724652100158
t3_1i8aq1,0.7750944344052276
t3_15nht5,0.6619209117247402
t3_1glm8v,0.12992078302443308
t3_l8c3e,0.42470534489470013
t3_qgp7g,0.07186925139694095
t3_1bbkjj,0.18599348632424967
t3_l7tdm,0.9883143805598258
t3_oqfw3,0.138742176057463
t3_vn01f,0.4437524699961915
t3_j7spk,0.5096388067881277
t3_k6wpu,0.9336401342736461
t3_wywms,0.15493033331780817
t3_1mzwgv,0.11259468195629789
t3_1g30en,0.025578567680057243
t3_1lqpgs,0.13933100585347458
t3_xlntv,0.3367095025096994
t3_1jaeay,0.550838656210426
t3_xwkff,0.10832916119940147
t3_qble3,0.43028917506592385
t3_vgtvb,0.08290627148392482
t3_huun2,0.21942298680832584
t3_11iwbh,0.494746454470402
t3_saszu,0.2888178746635527
t3_17ziw6,0.2468458840809654
t3_nfyao,0.6126340059837395
t3_zuqs9,0.21814559972085149
t3_1aoyt9,0.13548501666359017
t3_i5viy,0.17026331275945042
t3_1alsyg,0.05753592154177395
t3_1i1vg0,0.0624204082072483
t3_ot0gt,0.3438914320457391
t3_o32bg,0.16746881988128015
t3_1ihs5o,0.7055906460769165
t3_n6ike,0.12171424673895537
t3_19w1fa,0.08070555062386925
t3_1iz7w9,0.37876723650484545
t3_15irym,0.7511476139645816
t3_recpu,0.086964117705322
t3_1bnjaf,0.1970899291295344
t3_mn557,0.20846079823724742
t3_1iuxw6,0.15667309725958822
t3_1eipbs,0.30261557286311586
t3_16gm64,0.1950915862387915
t3_z10a2,0.125046003584671
t3_jq2qd,0.44624617335511235
t3_yl0mo,0.3834392055084104
t3_iburr,0.051474591035635675
t3_ijk8n,0.10745586458624427
t3_jya89,0.12809984999791102
t3_mslxz,0.36958538290576143
t3_1nuvzh,0.9987070231670898
t3_kkd4w,0.30004243291975985
t3_qbp6w,0.2296502049549841
t3_1g2qc7,0.16085112299327056
t3_10fjy1,0.15817692243159603
t3_qzqrr,0.029899021841634323
t3_sizfg,0.043562847121300485
t3_k6dvb,0.22943635251592318
t3_jx8c9,0.04576520929210766
t3_1l7szl,0.5602296475131473
t3_kal40,0.09804096154367241
t3_y80tw,0.5315993608204298
t3_q087s,0.5158327144625356
t3_wcv08,0.04097531003982028
t3_11ybtb,0.06813612928704055
t3_jb0sr,0.6258958911895429
t3_iqyh1,0.16978958365213556
t3_vbvas,0.12471651755999648
t3_i77kq,0.5291234181652229
t3_kn4tz,0.13541558510664373
t3_iql59,0.20411515599590468
t3_1jtmxq,0.7621166381706629
t3_1g4n79,0.16736192950222553
t3_18a5ku,0.0593847790001919
t3_1eojga,0.10338298161107369
t3_qyoqv,0.2529233416287529
t3_j0c1a,0.056234894724835685
t3_14yxcw,0.2251947643134728
t3_16n6pk,0.45955467531901983
t3_vmld7,0.10837946763926423
t3_19wz0p,0.07783262861925161
t3_wh5io,0.36793360385853746
t3_wllf8,0.1383566734865079
t3_1j8sle,0.612522112219192
t3_ygzwt,0.023259535063877283
t3_sf1tx,0.32005093269073676
t3_my2jp,0.3000119889088438
t3_1csu44,0.1219621423268635
t3_1gzwv3,0.20308446211173944
t3_14i071,0.2629812793504332
t3_mlvt9,0.8088823674037411
t3_16bki5,0.566882988546595
t3_1irwdx,0.1396374588938211
t3_o9r7b,0.13306995444949116
t3_14ul32,0.22169014997562653
t3_1i0eh2,0.1299727323875185
t3_mqngj,0.4683493819418222
t3_1crdrj,0.15951797412194849
t3_x5h3j,0.20511703206453277
t3_1kud1g,0.08665254624450432
t3_iokob,0.7262302463920536
t3_lqc45,0.10580584150173501
t3_1nbk5w,0.21748179676568444
t3_1dqyg1,0.4284799871055041
t3_1lxc6a,0.05976129277698027
t3_16up9c,0.0943027483191082
t3_ki92d,0.06918057333373134
t3_xun5w,0.04958754625706547
t3_jp37k,0.042064970646021306
t3_iw40l,0.1960769676735167
t3_1bnc88,0.24261095085057355
t3_nf344,0.19648208368421122
t3_if7k2,0.18281213783053088
t3_jkyp6,0.08689652985867684
t3_1cpe20,0.33187210524457705
t3_tq16k,0.04174329611874056
t3_1dd5tg,0.06900872466097467
t3_16smd3,0.6717410813553049
t3_uumxf,0.057772082560232835
t3_1ihpy4,0.20192901814049016
t3_ip2hr,0.6679793127425917
t3_pvcnn,0.4162257225416511
t3_16kriw,0.012811706979034469
t3_lwy5f,0.20800557546083384
t3_wy5o2,0.2078263978591538
t3_15995m,0.4211410487754817
t3_1g80pd,0.16830546978772315
t3_vt5ky,0.188071217955487
t3_kpi24,0.3139697982429295
t3_15uhsz,0.21857838912839236
t3_wy5zu,0.11287673153134323
t3_x3kb1,0.3476859388015305
t3_j6rym,0.05440735745007193
t3_oseds,0.3268591834310441
t3_11u31u,0.09770613548227935
t3_r167g,0.09122680457989246
t3_1dauom,0.09461321799541594
t3_11h6ki,0.04362358212910131
t3_y9wpd,0.1983511613463478
t3_spamz,0.08115993461149232
t3_1ikz3c,0.18409075982772669
t3_y60rj,0.2549236702412419
t3_vctql,0.254638647428146
t3_k50j9,0.2343785633545841
t3_iavvx,0.031494681399143284
t3_u97ej,0.21379710354174788
t3_zeqka,0.3358555003058887
t3_ivcii,0.13237424485246835
t3_10u1pr,0.6306506234201622
t3_ibqzx,0.2284927933078004
t3_k1f2x,0.16129116052455705
t3_1e9rou,0.11192689220807057
t3_ibp27,0.16312169831388268
t3_yfron,0.19924993960476067
t3_ity9v,0.3881920699185406
t3_16tpsb,0.21151111037561293
t3_1iwtmh,0.25495544451553936
t3_o8a74,0.1559148392133924
t3_lqmfy,0.13779023744694954
t3_yabhi,0.18069949370116392
t3_1gzjki,0.23681174702671273
t3_qlw5i,0.08425920922847442
t3_1iwu3k,0.1711594044738153
t3_wzgke,0.03168717453106062
t3_x60uq,0.11544173242483644
t3_1n8ya7,0.02261413962885494
t3_1mxh2m,0.20149203598991955
t3_nuc18,0.3730762800932174
t3_n02dy,0.07732602297987862
t3_19jb1z,0.02639900406028116
t3_1krrqc,0.9803808780132985
t3_xuxaw,0.1184768863337443
t3_xoqxy,0.12726548088345035
t3_1iu6wt,0.21037367528045287
t3_1hbjrr,0.14956828245421974
t3_14xerk,0.19572401019870184
t3_o4np7,0.20508928824740774
t3_j6rve,0.3501112618719225
t3_zjzx0,0.11478613758753267
t3_wdhwu,0.0513152202477649
t3_1ii2m8,0.3097218220006421
t3_12jnd7,0.0589159846597028
t3_noqvy,0.2817469326870927
t3_1nbmq4,0.0513095179691945
t3_13bycv,0.3272133738974948
t3_1d3knr,0.11008077932148266
t3_wogdg,0.3241722697871382
t3_11q44h,0.04676160111208044
t3_12nzg3,0.11373303864630373
t3_17tw9t,0.040194265822655964
t3_if2lx,0.24406399745550392
t3_1jun2m,0.18312889050415423
t3_19cylf,0.08294539246298274
t3_jt3rn,0.05187361957644075
t3_1ibd5b,0.9179008480809074
t3_l7cxz,0.44568154332238075
t3_1ci2kn,0.15931888172223194
t3_lcdp2,0.021290351783896138
t3_1lfolk,0.6033716760040798
t3_1j8mbe,0.08537482904734692
t3_jx8ma,0.1437041447904458
t3_1cu42k,0.11445931168390407
t3_kalpb,0.16789389350994172
t3_12lehd,0.1739926131850881
t3_kskxw,0.156186916967988
t3_1n296f,0.4051144285988933
t3_lgsol,0.6140622042257787
t3_i82id,0.6130685397868301
t3_n5ee3,0.7450183124255582
t3_mw6mn,0.20007028133167662
t3_1c162l,0.05344722922088638
t3_ihvtc,0.9996012533575184
t3_154oxy,0.18201666764838229
t3_kqiam,0.24461936780326932
t3_n5s0d,0.5797647612677218
t3_10kx56,0.5570496150365915
t3_v1zxp,0.13113884873619844
t3_11oca5,0.61363575935632
t3_lhtt9,0.24001153760335123
t3_o1sex,0.44353766783695653
t3_10opxp,0.11023264655452199
t3_11l9tf,0.07092567621638365
t3_wad1r,0.17673720409056146
t3_11ub4a,0.13467069281250632
t3_yrhwg,0.22826469263683635
t3_wapmb,0.2523384392638073
t3_1azh0f,0.941598171270546
t3_1cyenp,0.08072002167442044
t3_m4a4w,0.7359016589871369
t3_16ei1j,0.08289037493629157
t3_17dp7q,0.2105247129504826
t3_1b1yue,0.006385876064733151
t3_128jt5,0.4204862604376918
t3_xbm38,0.6767760233753408
t3_1hplyt,0.003331607099112625
t3_yhdcj,0.1356414937059488
t3_1h7v40,0.07441466644186531
t3_qywp7,0.5577205117762645
t3_1mjo0g,0.1531787848274268
t3_i2gwx,0.41028211078508875
t3_x7px3,0.1269329899687777
t3_17crrn,0.14214146241924705
t3_15muo0,0.04976714476777978
t3_iatwz,0.6744333796187313
t3_j55ss,0.7851041345134976
t3_1ah59z,0.13919095947349902
t3_1hg3ju,0.1904758138091313
t3_kfdgh,0.5326579776129019
t3_l61uc,0.04860470897469588
t3_w6c9t,0.10402786121327996
t3_m5gfe,0.2348613302375251
t3_1nuw9m,0.6152058553571093
t3_rc0s8,0.844641938528281
t3_n04lh,0.014784493383859417
t3_ozr08,0.12437847839106314
t3_k5v9b,0.04436724426593137
t3_z1zks,0.11374483861167128
t3_q5yda,0.16598739232252024
t3_y3xyz,0.08903741272247617
t3_julqz,0.06396495707722341
t3_14tned,0.05880873011304971
t3_11ppkr,0.23386445707190562
t3_1cruvk,0.10435087888892425
t3_s3iwq,0.6412001942869274
t3_iqvav,0.06751749568206983
t3_lzc3o,0.9324682337856012
t3_wgfco,0.013081423560311356
t3_14tp3u,0.07091268702724897
t3_pgnfb,0.22427254880802594
t3_jf2ir,0.3579423247909687
t3_k4gza,0.08941722151541068
t3_10wg2c,0.1366518178854809
t3_if7p7,0.1970712332232584
t3_m45jf,0.07543604149874536
t3_uf051,0.6069816916117374
t3_17mn5i,0.016998220975226335
t3_17gl52,0.17681098684752466
t3_iqvla,0.3411463265980884
t3_ldki5,0.2730322145424644
t3_1126jt,0.21445994807811009
t3_mvsb5,0.2542047881414917
t3_n32ze,0.17868954905517254
t3_gl7ef,0.14432032851551582
t3_iug9n,0.1986072567553503
t3_1ewdrb,0.4168735143504231
t3_tdu8m,0.10192862717825804
t3_k91wr,0.32539922134083255
t3_r0h5h,0.14604396758630475
t3_ifbw5,0.15212694487075493
t3_1n7sx3,0.4765246623203785
t3_1b5a4p,0.18419234886537908
t3_iamq6,0.9917229637607601
t3_o6z29,0.06790392687566227
t3_jydqo,0.2081661746788946
t3_p3ftt,0.36644090567019233
t3_pupzc,0.830455363034548
t3_tn97v,0.10285570498762764
t3_vqsnl,0.07850375357307147
t3_12cxuc,0.019144321126363262
t3_1ktx51,0.9908953838366907
t3_tydcg,0.04866739302173683
t3_hug18,0.42666173857895234
t3_mi7ma,0.1391629268041677
t3_l67if,0.29605091488304996
t3_1lml71,0.04963802955625262
t3_otuha,0.16834371103006218
t3_1dfe2n,0.31822097595956955
t3_zkui3,0.0812354557962167
t3_1mh9w4,0.030138584446845657
t3_1jp3f1,0.27390918182051627
t3_16gr5b,0.08273737955281706
t3_mwd82,0.26723398057250397
t3_1jn1j6,0.7721289399603468
t3_1ezf35,0.12585487277296656
t3_1j4ytk,0.1459515068419984
t3_ud0gj,0.12919921931596426
t3_1f8knc,0.05210950225563796
t3_vgool,0.3343764267353947
t3_11b1ti,0.048357986159655905
t3_1aoz8s,0.018621908047321688
t3_1cr1zd,0.6125024983614262
t3_yvma1,0.26768926937676374
t3_ifzvz,0.5687524944339971
t3_sp26r,0.5571720063237042
t3_w5b9g,0.05805416333835668
t3_ql4hw,0.16473877306681345
t3_v1zdc,0.1534793250252372
t3_kxz0h,0.2091937639722625
t3_wa7hw,0.22561633727229513
t3_lgtm6,0.05959422805046864
t3_is4sr,0.17366337982395413
t3_19b1c5,0.3367183678028637
t3_1iv47z,0.09387584864846547
t3_1j04eu,0.6492052888506207
t3_1jx10i,0.46473622310917423
t3_i5o5g,0.06811782114584536
t3_1e920k,0.583759407560267
t3_k70pb,0.48060321159054836
t3_xko5d,0.3204390696250567
t3_1a3vfl,0.08330091904053306
t3_1lxybt,0.07653683394578079
t3_ldjhu,0.33110470385247515
t3_ldeog,0.08365374264594978
t3_pfod3,0.33549119349924855
t3_193qwb,0.06882869047527218
t3_1950v4,0.42544745534512873
t3_lzkhn,0.3423593594528757
t3_krl47,0.4656684963848016
t3_r67bm,0.1669091791655927
t3_zaw9z,0.02873323586748102
t3_sxko6,0.14464840981312324
t3_p8av3,0.4092226786536489
t3_inwm2,0.33252869260857537
t3_1ihttr,0.5126745290303232
t3_j85dp,0.6733851205415693
t3_1ag1v5,0.43683198138377255
t3_1lu5yo,0.11562890651236783
t3_1fj9p3,0.08197864949938936
t3_1nv4ks,0.13532525510887666
t3_1mdaak,0.1666990401698776
t3_1ctxw7,0.198291267825976
t3_1eevnc,0.6297997930023742
t3_1ij15g,0.27336095677027633
t3_15isv5,0.15840253704590931
t3_1lf3me,0.23338449059108857
t3_16d2ly,0.1848190313112458
t3_1k1xs4,0.42281886889093384
t3_ytvgx,0.24658251664088407
t3_1ihggu,0.07397958696547643
t3_iyq1i,0.3505981833755877
t3_j2vji,0.10693812678427599
t3_tf9im,0.3856639497149177
t3_15ti56,0.42635428233372735
t3_zq14r,0.4073372646839389
t3_ix9g0,0.1035318413413271
t3_sosun,0.08438723203935448
t3_13byqo,0.20015888028055015
t3_1cf800,0.13884415386500706
t3_135fj1,0.1760104104198289
t3_1crefk,0.6963229912817078
t3_10cvn1,0.11400514347798192
t3_sidd8,0.7000172542722137
t3_l4o05,0.1199465402105969
t3_1irpp0,0.41091968350420965
t3_14tboe,0.1835761639302016
t3_14vcsz,0.2340259478183569
t3_1ik17v,0.11109452277031782
t3_1memn0,0.17332273869914916
t3_1icup0,0.5986710132838435
t3_lhqi7,0.1384599932261829
t3_1ipvwk,0.13742695973986774
t3_1dlaly,0.5960167136045834
t3_zzuu4,0.5964314169997471
t3_19cz7c,0.1489754728248871
t3_1k64o2,0.6984330969740161
t3_1mjpg0,0.06887077853309115
t3_iol8h,0.3590654291707853
t3_1isd30,0.15748137417442554
t3_lj7oy,0.36993531028019044
t3_xnm2p,0.17198429978782862
t3_1c3v9m,0.1510673483926942
t3_s4svv,0.18138803415584298
t3_19jlpy,0.1689024731459455
t3_19nhbi,0.055130522015819756
t3_1gb1to,0.2913383176995954
t3_1c8rmz,0.11667611462249043
t3_1igt9f,0.033073378423455556
t3_1eqmt5,0.35597575369697526
t3_rwaf0,0.17780893546328685
t3_1kw2e6,0.18384577407592
t3_1jgelh,0.2243308236986672
t3_jcq0o,0.1225996113333566
t3_172kz4,0.15108067007369344
t3_w56fp,0.0660459124563304
t3_my16i,0.26680549908650864
t3_k0r9x,0.06849844006063738
t3_17sczo,0.08496373731699522
t3_14im5p,0.10854735622702395
t3_1ih8z4,0.7692507648925576
t3_qmmdi,0.4480335410528215
t3_qgsgw,0.13862262324881122
t3_1gdjus,0.1553488924558916
t3_k0vt2,0.07046553891882433
t3_1jd94m,0.4697932419805355
t3_k4z02,0.33139579901931415
t3_lp6lv,0.1614907105373485
t3_1agayp,0.13675537111027125
t3_1b9o16,0.17686571863147413
t3_17q6f5,0.7991652405194991
t3_n39i4,0.2700558855929839
t3_pey91,0.13131130085374523
t3_125l77,0.19453338590213193
t3_150p6t,0.031532486729390935
t3_1ig7c8,0.10460511436721244
t3_1bd8v3,0.18779012999376862
t3_in1tc,0.31022138764704493
t3_pcmhh,0.190967907268083
t3_ziw36,0.47084142884837704
t3_m489r,0.07536127401471417
t3_jxuil,0.1821419558000011
t3_i7lvc,0.0762172665173623
t3_iq3hd,0.4489637446342843
t3_y5tl0,0.3212245536622239
t3_1mx6dp,0.9636703833306071
t3_17la4f,0.26472575170389756
t3_i11au,0.04854674048034263
t3_naa39,0.9188440297291689
t3_k87gg,0.13854049049158143
t3_lrud4,0.19693373743864198
t3_11k0ch,0.46639935629174134
t3_jjtne,0.12714252395219888
t3_1o3fi6,0.4381695259532143
t3_qwz21,0.7927483555639371
t3_if9kv,0.026492357952377147
t3_ino69,0.10922730690452945
t3_y36b3,0.4014957163411999
t3_ljw7y,0.3965002301150391
t3_msmlt,0.3170564171030227
t3_1c01o8,0.035949471851235384
t3_yk3jz,0.3633401427805666
t3_jvh01,0.2921445291074884
t3_wgsws,0.16443337017731513
t3_lq66h,0.17444524935061922
t3_15567s,0.0959721565648145
t3_1lsr9x,0.3280400561765727
t3_1d96q8,0.11452199833923317
t3_r1xtu,0.17551869153364633
t3_1exwmo,0.2350629566188471
t3_k4m4x,0.25574907270771075
t3_15e251,0.12866848779347032
t3_1ma7rd,0.1364987712254242
t3_jgtfw,0.2559370669248873
t3_18droz,0.33412691986991433
t3_phmbn,0.0746317420799853
t3_n6s1i,0.777223198760601
t3_htxnw,0.8134483853653646
t3_wkd6l,0.9168563201287877
t3_1i8b15,0.2058993131318125
t3_17ovhi,0.24578360613526387
t3_ngtw8,0.21499947261360794
t3_jedff,0.15194761380168947
t3_1iv2s8,0.11575094048212035
t3_iynyd,0.0117587617715941
t3_vi2qo,0.12933658315932137
t3_nz2df,0.37671741168562894
t3_rkhub,0.18893281239026713
t3_jmr1j,0.09860021726396656
t3_iwavb,0.13830572470239055
t3_iv6eu,0.17702200215400726
t3_j6nr5,0.9979811833911929
t3_1cniq6,0.059000085805269754
t3_q0c6k,0.017094545226847856
t3_1mufdh,0.09302936844891461
t3_1bw1b9,0.16137563177473904
t3_ico94,0.10756866994390761
t3_vipop,0.49390315853803585
t3_1iwdep,0.6177628291222237
t3_1izd63,0.36597820668328057
t3_1m9j1d,0.027838489283426016
t3_1g5pyx,0.005921937922991803
t3_v7tzf,0.1512478413346373
t3_jog1v,0.23593567175110858
t3_pe8md,0.20553271082044655
t3_kxlzo,0.14598081971972166
t3_kz2ws,0.2003814357906897
t3_1ee1fp,0.17207751698705562
t3_khxzm,0.03897813000956422
t3_1166u8,0.15325850606577218
t3_wj4na,0.1272712610009551
t3_11lg2f,0.05575143903694836
t3_1iwg9n,0.23655271756066543
t3_vjgu4,0.15921424401654022
t3_1275dw,0.06084934550705578
t3_16w1fs,0.7741171516881818
t3_1lxlbw,0.34164160489115253
t3_ojw1m,0.442032001193894
t3_1jart1,0.00840381369614323
t3_yf6n3,0.17885555473170256
t3_1n859f,0.6962365972139835
t3_n993g,0.140856299608054
t3_jzi49,0.1115785488209202
t3_tv7zq,0.17172651009847187
t3_opj7h,0.3851500032317007
t3_12jio7,0.1486555090855972
t3_1loyn7,0.5797770768185252
t3_12c6hf,0.03143049620161685
t3_pzish,0.21374375399662818
t3_1h05vp,0.13001085868393558
t3_110efm,0.08638610599251859
t3_xa98e,0.3083667047784305
t3_xgrpi,0.2134008768370872
t3_1h29mo,0.09699120199798006
t3_niode,0.9949509466139451
t3_hy49h,0.14035489049642325
t3_1eluz0,0.18658143353212778
t3_12eoc9,0.05530605781501246
t3_1necw3,0.05636931947102962
t3_1lw16j,0.03399455343890872
t3_ihh90,0.13600908328881228
t3_jyepv,0.06893468579011995
t3_kqf8k,0.0427459341326178
t3_m9h42,0.29723280856051076
t3_ikck4,0.10363446944006441
t3_vzfp5,0.3627422899839714
t3_1mhbok,0.2678613085569345
t3_150x3u,0.249032788144441
t3_rdsa5,0.2907865131782485
t3_1k175h,0.17704488740045018
t3_xu8em,0.14517117970495286
t3_w7fjy,0.37881214851722494
t3_xnrho,0.04820375283484319
t3_1n6wjw,0.1339575681211045
t3_15fud8,0.010640677113752554
t3_11hnoe,0.11879007111664865
t3_jmnl8,0.1482999361150353
t3_1kkv09,0.14065057106056708
t3_ngvgh,0.07914502351050849
t3_jx94c,0.41260355280344324
t3_xwxmj,0.39590825912386723
t3_iwfd1,0.23025232487017372
t3_10hpsk,0.1508832291220697
t3_hvwav,0.16854856266045015
t3_snqsi,0.13240785857582935
t3_icqr9,0.8595508628552978
t3_ibz1b,0.13955308645346187
t3_iay69,0.10068238295816433
t3_11zblm,0.2997345891948067
t3_wzkmu,0.19643383818814847
t3_1crpj5,0.18025778207645415
t3_iczu2,0.2931801817337284
t3_wns9p,0.8900465165610741
t3_1invu0,0.15532568427152896
t3_m2hic,0.06615774796874133
t3_vi9dc,0.1205908223044339
t3_pimge,0.29469349534337985
t3_i7adt,0.5668931058891751
t3_15e9dq,0.24962502298373807
t3_1czkj9,0.10642920293241699
t3_1btf55,0.2845768343311518
t3_yifuj,0.04902049752696737
t3_zh4v4,0.3825408450040237
t3_paght,0.23290084349566692
t3_1bmaeo,0.2947787421645112
t3_1mnkgu,0.2685448480866667
t3_1hdqo9,0.1441058526507624
t3_12lbis,0.1930764705845716
t3_1hcumf,0.11319877707085173
t3_11s3p3,0.21283945157625733
t3_1dkhn2,0.09032757397787132
t3_onxcv,0.30873085581941756
t3_1g5q8a,0.21552758388202012
t3_16lcq8,0.22140102455499386
t3_17gi30,0.4607025265735713
t3_ibs5y,0.14440629313267364
t3_1cs2px,0.14808133772741408
t3_v4w93,0.12451426915769236
t3_1n1axt,0.3694140476832
t3_ihko3,0.2067041272285393
t3_1896rw,0.19850114856037898
t3_125i9k,0.11035151354458242
t3_ww56x,0.07137157030978944
t3_uj7th,0.23036088085057962
t3_xsnoi,0.1519086110836627
t3_jyi06,0.0453265190995768
t3_yxnzv,0.3192012536491325
t3_l4640,0.3795717247154095
t3_1dnss4,0.351997620217009
t3_1359u2,0.2026679470142444
t3_s4r05,0.11444099852076073
t3_j16ec,0.3264461290801263
t3_zpi3v,0.03277923970657865
t3_pyewj,0.7151728536427109
t3_ychfj,0.12787486342702714
t3_l4pgj,0.02599456456566894
t3_1llkaa,0.334764213422837
t3_wj3qa,0.049426709140435024
t3_zy61w,0.10482547845132979
t3_1dize8,0.5674240082875641
t3_1f7t8i,0.1121381759394872
t3_1lerlv,0.03458803758493277
t3_1meieg,0.033009161824648414
t3_156xcj,0.1709250866342239
t3_j8iuv,0.15069559724784604
t3_irgvc,0.046072315803673915
t3_qyedt,0.12990518966399056
t3_u95c6,0.10139975773107665
t3_1e97au,0.02566743788126054
t3_wp8uc,0.13181723896400174
t3_sst1u,0.11650984273052602
t3_1c63lb,0.14916178672928135
t3_o85l6,0.05426811044870836
t3_idivc,0.38591268126672174
t3_k45dt,0.5758679220241054
t3_19ywdh,0.029603979342912288
t3_kf0cy,0.7996078212931408
t3_137zgp,0.0680054884813704
t3_1gx8mx,0.3792535723813415
t3_tvndu,0.03734220295424987
t3_zsgtc,0.6299217794764076
t3_l4n9w,0.1805581739219997
t3_mjeye,0.15610000753677436
t3_mz1mg,0.16946907093351193
t3_jgbs9,0.7151079651415568
t3_1gnaod,0.866018455283857
t3_hrz9i,0.28601453181866004
t3_1me64e,0.1485245149524961
t3_idq7h,0.038127267109834655
t3_ys5ol,0.15065808134406333
t3_1lezr3,0.5744050845843421
t3_lnwd6,0.45888061553464304
t3_zwbh8,0.13674837535809567
t3_1ctkfz,0.5746445529909249
t3_1kn4ge,0.5382269804792469
t3_1l10qa,0.4334525088715881
t3_177ayp,0.3434334690509432
t3_jijg7,0.10259848637105957
t3_16vnjz,0.14709051532369635
t3_1nbk1o,0.11413124010788292
t3_vem93,0.7330141343945541
t3_o6e99,0.2686818394637755
t3_jahvc,0.17915338909879702
t3_k62zb,0.9429446415600523
t3_1n351g,0.07346951141501877
t3_11tjwv,0.05713932762309246
t3_14ux4w,0.3117329717373634
t3_ijhc3,0.7099755557051243
t3_1j6f3u,0.463521934973173
t3_w21z2,0.16576995802961106
t3_j82a6,0.3153733459745453
t3_pm783,0.1093536658528918
t3_v3r93,0.1123160664967582
t3_1jimga,0.5771483793247517
t3_idti4,0.6730906392458905
t3_mjkln,0.22143042249531197
t3_y2ne5,0.27963072800952005
t3_xry1e,0.43527066065815284
t3_qceuc,0.02537186938078169
t3_16noen,0.1510102383769033
t3_1ee39k,0.12795647452806536
t3_1eq5xl,0.02618519794506198
t3_mrkl3,0.432678425745098
t3_ojet5,0.10664135739659376
t3_v0ki0,0.1999180429157636
t3_jq47k,0.37073936401959495
t3_1fqoyo,0.2186877516231511
t3_vbb3v,0.32605033145634826
t3_1k62l3,0.21516162563878874
t3_12p4pv,0.1530377344769151
t3_i37e6,0.2083970477946724
t3_if7vp,0.397588360641162
t3_kvy1i,0.06532660624830638
t3_xd0ls,0.5886823146357236
t3_rirnq,0.024663236823155067
t3_mco6n,0.22539158330493475
t3_13tugz,0.03155747275770194
t3_k0ilx,0.024106080608384598
t3_ibat9,0.4737967287857531
t3_m42qj,0.46923749156732386
t3_1cucx0,0.004970535951971971
t3_zjfck,0.12574135888690616
t3_1iv5aj,0.418303297811796
t3_u7z81,0.8765865898319244
t3_ke8v1,0.10235609475935517
t3_t6s95,0.09458037163983612
t3_w3y90,0.04424527006248254
t3_vvs2c,0.06434617995348496
t3_hupa5,0.4939542134642657
t3_zf126,0.08849964930954826
t3_v18x3,0.192925467025532
t3_my9b0,0.5834503718843225
t3_10kngj,0.07067359215973032
t3_is415,0.21321095666237758
t3_io8w1,0.14534656331603024
t3_jatqy,0.18117912008172368
t3_yz9sf,0.19171760629178783
t3_k4z3q,0.1534180914285044
t3_1bird0,0.15664502873388486
t3_1cjq75,0.4867658054620108
t3_1cle36,0.29544423790374563
t3_1cgw6n,0.07017853521547651
t3_yvb02,0.0968585717187178
t3_jzmij,0.11637937942100375
t3_iii4u,0.19254722484791278
t3_jmyq9,0.14346578911638552
t3_kr3gt,0.20832576878155531
t3_w8rkv,0.20030957766258667
t3_12x5q1,0.024118359292341504
t3_jshkp,0.047262489496786304
t3_1o9hi0,0.12822426151741453
t3_u64m1,0.1290160531485029
t3_1cylzs,0.16285809109151622
t3_icou8,0.22272676471000313
t3_jvh8u,0.23168305008249826
t3_rzjzd,0.2718706810925233
t3_mxzhx,0.9106844371830822
t3_vwclz,0.11364603454490363
t3_wxsh1,0.3490274132437471
t3_k3ki7,0.03937168467338569
t3_j6283,0.07589169054176123
t3_mxya9,0.12078039640774657
t3_1aduwk,0.2728488835121142
t3_ot2tt,0.2414629089134471
t3_1lvsn9,0.23304917786700305
t3_1cysab,0.24109651144241637
t3_nhqn0,0.46188157906351657
t3_1109ba,0.299482748306841
t3_11sa5p,0.1240833813426634
t3_16wls1,0.08049695206502701
t3_1i8cqz,0.15223358256094904
t3_wwkkm,0.12933677738264057
t3_110gio,0.09836638988133027
t3_inmlb,0.17571075894725025
t3_k3ocx,0.3672195787294347
t3_1hz09s,0.19544888760082035
t3_1mzio9,0.38754178810091233
t3_lb1w0,0.7449101898949102
t3_1crwei,0.11135509331886279
t3_q5961,0.17030282623655563
t3_lxx3z,0.5995133140557906
t3_16appe,0.06914643728530574
t3_1adg49,0.09615557321707882
t3_iyk1y,0.8427117702717234
t3_1iw0gf,0.11127481727205625
t3_x1o1v,0.15206019847442026
t3_1m23pg,0.6834694330636116
t3_yintm,0.09659815272251096
t3_ts9p3,0.6283472775546403
t3_z9ck0,0.22374778223689518
t3_th40x,0.16180215062657585
t3_icon7,0.41497106846719706
t3_t0mtn,0.3003277412612782
t3_juayz,0.9166611741351622
t3_mzfsp,0.3557640928093852
t3_14exjy,0.09170290176706196
t3_1c7725,0.24290379556195146
t3_1ifyzz,0.060832797092020205
t3_i96f9,0.35656309913793843
t3_kbmyh,0.26580205537596063
t3_170pqr,0.03471611236421603
t3_sqwpp,0.05974186399228279
t3_1553el,0.06145482209854105
t3_ikbu8,0.23284222696250062
t3_y6aab,0.2971377992480224
t3_1fxma9,0.0838818044203328
t3_18gj1h,0.17836902194542265
t3_o0jew,0.343369930642152
t3_1jpkbf,0.5737156064886051
t3_idu38,0.04607504588312779
t3_lhjci,0.46933481881845923
t3_1d3hd7,0.195313136242944
t3_150b65,0.0917850720358806
t3_rjp1j,0.08772606982487048
t3_k30r3,0.1124249850683726
t3_1hav4d,0.20021823488521778
t3_1a5ixr,0.134210746716215
t3_pxd37,0.09827558511627801
t3_1djtso,0.23622291277046245
t3_14ezoh,0.5184217661498705
t3_12obj5,0.3105040721461031
t3_nqwjm,0.1278696478690433
t3_oifsx,0.5297194095046818
t3_1f45sh,0.17042298289959512
t3_1fr5bm,0.06868371036404826
t3_r7odh,0.6908016313692363
t3_1kmou4,0.18756621987442593
t3_17pzg4,0.9683008257975771
t3_i0miz,0.434491242845565
t3_il0s0,0.20153419340105902
t3_1l5uzx,0.43514139506564214
t3_1evpom,0.2872313722689435
t3_idy6k,0.044920580129666675
t3_sshis,0.18998377583249626
t3_1blxrm,0.16476674912168932
t3_1esd91,0.09147051382146458
t3_vai9m,0.13787344138166294
t3_ne3jr,0.20404133416865688
t3_1nm9os,0.1466404789142247
t3_ledhr,0.5144113383506693
t3_pw02q,0.29528590908376184
t3_irgbj,0.30851046366469564
t3_xd9hv,0.15541511853563134
t3_icu7p,0.07922076646262033
t3_1d8yob,0.16482199716854404
t3_l4xry,0.28230905706638515
t3_112jsu,0.6219455403066458
t3_kly75,0.3808931501255315
t3_ifrfv,0.10182592799030435
t3_x8mp3,0.08499090973448871
t3_x2qzw,0.04901194132680606
t3_13u1al,0.10096888738253791
t3_xnwf2,0.2433667582768868
t3_xf1p9,0.12838544649512687
t3_jjz0j,0.8397858398341044
t3_k08dr,0.9843565439294906
t3_1af9hg,0.09971101540647875
t3_tl8gg,0.17827788148515533
t3_qdtn7,0.07211749017916047
t3_ubnwm,0.6531900436629057
t3_s14x9,0.06228331567156121
t3_157g5c,0.12754183166701527
t3_y9nfg,0.016279036616673025
t3_tfqnk,0.24427728756872583
t3_1lxsiq,0.06445879365490781
t3_r1boq,0.05249798933987073
t3_14ihpw,0.37981372130901336
t3_12124d,0.14487919769000737
t3_10o1th,0.6454108505959085
t3_1blyk4,0.29437597973376395
t3_jxj0w,0.5076150652498419
t3_12vddw,0.12583916501702364
t3_1kow8l,0.2903717649570781
t3_llfug,0.39677615081696727
t3_1fqagd,0.6316007660290754
t3_pfs19,0.08210508821157636
t3_185q0b,0.19393463159620772
t3_th6m0,0.13752504833088966
t3_1ma6le,0.33485010238528273
t3_k0q1w,0.3704348844767679
t3_15xp2y,0.05387974086326322
t3_vpe62,0.48513547788838507
t3_12gbgy,0.3989825850334855
t3_jtsb9,0.10451512879369734
t3_wly8k,0.1933233579259457
t3_j2k0d,0.1815476819751757
t3_1j4tf5,0.27941897507982005
t3_yfjn0,0.09420942071131508
t3_1cot73,0.4528523049358559
t3_n81pv,0.12762835834686306
t3_ijnhm,0.15958536231231424
t3_1493gl,0.17739096294079057
t3_1i4pcy,0.02503986959671192
t3_n5o88,0.13731228160375364
t3_mrgd3,0.2543563778937106
t3_1fqv6l,0.047729388705522804
t3_mscj8,0.04242217135899082
t3_tiyor,0.05822096094140903
t3_l4rl8,0.17286182007992287
t3_1e2v32,0.11622199646918155
t3_r7sgr,0.09155226458179475
t3_t0krh,0.14864829932832638
t3_iregv,0.1369203007878387
t3_ndcvq,0.23915123563651666
t3_w3ldb,0.22697386837626837
t3_q3io5,0.9816096486082801
t3_smcni,0.053652740191107655
t3_zzsho,0.07235705920188885
t3_pr3p3,0.0622727560049917
t3_1hluyc,0.22315079438273402
t3_k025c,0.16989561905118042
t3_1go8c1,0.4377991572506968
t3_ihhbr,0.871829957356443
t3_1ckfzz,0.07481852412547085
t3_1l7ksf,0.21941124877712143
t3_vawcb,0.6028373352329274
t3_mody8,0.035583978155646484
t3_1foy3z,0.2638996158792748
t3_qzu4g,0.3871340932940852
t3_lmb89,0.4031241238527201
t3_1m53fu,0.14121118700661323
t3_10cy64,0.1237121944648098
t3_m7m7l,0.1685266697662068
t3_1lfrlc,0.14259081150745057
t3_iihye,0.21075129609844168
t3_xn5hp,0.46348760584236803
t3_ro9ud,0.1794149934973105
t3_kx1pn,0.4791938376023449
t3_1cn0h3,0.140406702933096
t3_zq12j,0.24959965079884097
t3_1br2hm,0.4537502928531079
t3_knttk,0.09646934987217305
t3_11wza2,0.3596384618044661
t3_iwbsf,0.13528347281634048
t3_nys7g,0.7534627935473193
t3_17pmtu,0.11888631751786781
